search,times searched
recipes,109
bussa,89
sarah ann gill,57
jobs,49
food,44
errol barrow,39
national heroes,32
recipe,53
karl brooghagen works,30
macaroni pie,52
barbados,29
1977-1986,26
mac and cheese pie,26
1967-1976,25
caribbean seasoning,31
oistins,29
coconut bread,25
sweet bread,32
fish cakes,26
sir grantley adams,23
pudding and souse,17
1987-1996,16
cake,16
fishing,16
sir hugh springer,16
cassava pone,29
oistine,15
cou cou,17
grantley adams,19
map,14
pudding,22
clement payne,16
coconut punch,19
flying fish,18
government,13
hilton,13
rum punch,20
sales,13
tom adams,17
oistin,12
speightstown,24
education,11
errol walton barrow,20
grantly adams,11
sir frank walcott,11
sir garfield sobers,17
weather,18
1997-2016,10
2016,10
andromeda,10
bakes,18
botanical,10
cake tins,10
ginger beer,13
maple villa,10
mount gay,10
recipes ,10
salt bread,10
schools,10
terrvette tours and taxi,10
bajan pudding,9
currency,9
lead pipes,9
rihanna,9
roti,9
rum,17
samuel jackman prescod,21
achievement,8
airport,8
bajan recipes,8
bio of sir garfield sobers,8
car rental,8
charles duncan oneal,8
coco,8
culture,8
decade 1967-1976,8
fried fish,8
grazettes,8
hawkins obituary,8
health insurance,8
hello,15
holetown,12
hotels,8
jackie opel,8
jordans supermarket ,8
language,8
macaroni pie ,8
national hero of barbados,8
pet boarding,8
picture of errol barrow,8
pone,14
sauce mari rose,8
sir hugh worrell springer,14
slavery,8
srah ann gil's contribtion,8
sugar revolution,8
textile designer ,8
the first national hero,8
the national heroes,12
vacancies,8
2007- 2016,7
accra,7
beaches,11
bridgetown,13
christ church,7
coconut court,7
dance,7
fish cake recipe,7
fruit cake,7
hugh springer,7
rice and peas,7
sandals,7
synagogue,7
thank you,7
accommodation,6
agriculture,6
ami bankcorp,6
antarrah gilkes,6
bajan pizza,6
bakes recipe,6
barbados charm,6
barbados food ,6
barbados government structure,6
barbados green monkey,6
barbados weather today,6
beef stew,6
blackened sauce,6
breakfast,6
casserole,6
charities in barbados ,6
chattel homes,6
chattel houses,9
chattel jentillia,6
child care,6
cricket,6
dances,6
event planning,6
food ,6
fun facts,6
garfield sobers,6
guest houses,6
hasting,6
health care,6
heroes,10
holder,6
horseback riding,6
horton village,6
informationon errol barrwo's hobbies,6
joan braithwaite,6
lasagna,10
lead pipe,6
leadpipe ,6
mahi mahi,6
marie rose,6
mongoose,6
mount gay rum,6
okra slush,6
osten fish night,6
owen kirton,6
ox tail,6
parishes,6
pictures of errol barrow,6
plantocracy,6
proverbs and sayings,6
quad biking,6
real estate,6
relocation information,6
roakley's beach,6
rock cakes,10
roti hut,6
routes,6
schooling of sarah ann gill ,6
scotland district,6
singer mark lorde,6
soup,6
st james,6
st michael,6
stew chicken,11
supermarket,6
sweetfield historical manor,6
the coffee bean,6
the scotland district,6
the sir frank walcott statue,6
three contributions to barbados by errol walton barrow,6
tourism,6
turtle beach resort,6
vacancies ,6
wages in barbados,6
warrens,6
weddings,6
what day was bussa born on,6
what is some of his works,6
yellow pages,6
about national dish,5
accra beach,5
bajan pound cake,5
baked pork chops,5
black cake,5
candles,5
career,5
chicken chowmein,5
churches,5
climate,5
conkies,8
cost of living,5
dogs,5
employment,5
events,5
fish fry,5
funmilayo jobes,5
great cake,5
hair,5
horse racing,5
housekeeping,9
job,5
jolly roger,8
mauby,5
music,5
national anthem,5
national heros,5
olivia jones,5
pepper sauce,5
pound cake,8
pudding cake,5
rum cake,5
salt fish gravy,5
saltfish,5
samuel jackman,5
souse,5
spice and company,5
sugar syrup,10
taxes,5
test,5
"the crane resort, barbados",5
tourism industries,5
worthing court,5
 a#640;&#603;&#593; &#1139;&#1330; c&#1139;&#627;t&#640;i&#595;uti&#1139;&#627; &#595;y c&#646;&#603;&#625;&#603;&#627;t p&#593;y&#627;&#603;  t&#1139; b&#593;&#640;&#595;&#593;&#599;&#1139;&#3619; ,4
 beach wheelchair ,4
11 hero,4
1966 and before,4
2 dollar bill,4
2016 secondary schools allocations,4
2b marine gardens,4
5th prime minister of barbados,4
64457,4
805,4
about the errol barrow highway,4
about us,4
accommodation gibbs,4
accra beach hotel,4
achievements,4
additional fun facts,4
administrative management,4
admiralty court,4
advertising barbados,4
"aerowoods, gemswick, st. philip",4
african american history,4
air conditioner,4
amanda cayol,4
amanda powell,4
animals,4
apartments for rent,4
art supplies,4
"artist, janice sylvia brock",4
arwaks pottery,4
auxiliary nurse jobs,4
aviation jobs,4
bagate,4
bajan breeze restaurant and bar,4
bajan cakes,4
bajan fish cakes,4
bajan lead pipe,4
bajan pudding cake,4
bajan souse,4
bajan spice,4
bajan sweet bread,4
bajan sweet bread ,4
bajan sweet bread recipe servings,4
banana bread,4
banana curry goat,4
banana fritters,4
bank holiday pay,4
bank holiday pay rate,4
banks in st phillips ,4
barbados controllers,4
barbados controllers 1536-,4
barbados curried chicken,4
barbados food,4
barbados island safari,4
barbados national heroes,4
barbados open data portal,4
barbados stilt walkers ,4
barbadoses food,4
bathsheba,8
"bayley's school, merrick",4
bbo financial services inc,4
beef patty,4
belly dancing classes ,4
beverage,4
bicycle rentals,4
biggs,4
bike,4
bio data of icon,4
blankets,4
boffers,4
bogle,4
breadfruit receipes,4
breakfast in barbados ,4
breakfast in barbados 2016,4
brown mints,4
brown sugar,4
burger king,8
butterfly,4
butterfly beach hotel,4
cabinet,4
cafe waterfront,4
cake recipe ,4
calendar,4
canadian women with drugs,4
car,4
carl wilkinson,4
carlisle bay accommodation to rent,4
carrot fritters ,4
carvell,4
casava pone,4
cashier,4
casual dining,4
cavell,4
ccna ,4
celebrations,4
cemeteries,4
champers,4
chan maharaj,4
chan maraj,4
charles duncan o'neal,4
chattel house,4
chattel jentillia west coast,4
chattel village,4
chattle house rentals,4
cheap accommodation ,4
cheffette,4
chicken recipes,4
child care vacancies at hotels,4
childcare,4
chocolate festival,4
christians literature crusade,4
christmas church,4
christopher cadrington,4
cigarettes,4
cin cin,4
cisco engineer,4
citizenship,4
clement osburn  payne ,4
cockatails birds for sale,4
coconut drops,4
coconut hotel,4
cocoon,4
coffee tea,4
cole slaw,4
commercial fishing in barbados,4
condo rentals,4
cool runnings,4
corn meal porrage,4
corn pone,4
cornbeef sandwiches,4
cost,4
country kitchen,4
cropover,4
cropover 2016,4
crystal. court,4
crystal ,4
ctim,4
cultural industries,4
culture erasure,4
currency photo,4
current governor general,4
curry,4
customs,4
cuts,4
daily lunch cruises,4
dame nita barrow roundabouts,4
declaration form,4
defence and security,4
deviled eggs,4
disabled accomodation,4
discount computer services,4
dollar bills ,4
dollars,4
dolphin,4
drinks,4
dumplings soup,4
duty free perfume,4
earthworks pottery,4
easy hall,4
elombe mottley,4
engineer,4
entry card,4
errol barrow pics,4
errol walton barrow national heroe,4
eversley apartments,4
famous people,4
farmers markets,4
fashion nation,4
fish cake,4
fish farming,4
flowers,4
flying fish recipe,4
food stores,4
frank walcott,7
free wifi,4
freights,4
fried liver,4
fruit punch,4
funeral flowers,4
gardens,4
garry somers museum,4
glass bottom boat,4
golf,4
golfing,4
grantley adams national hero's barbados,4
graydon sealy secondary school sports 2016,4
green monkey,4
grylls,4
guest house,4
guide,4
half moon bay,4
harbour lights ,4
harrison's cave,4
he served as a pilot in world war 2,4
health food,4
heavy equipment companies,4
heloo,4
heros,8
hikes,4
historic sites,4
hoe many sibling dud barrow had,4
holadays,4
holder's ,4
holder hill,4
holetown to coffee gully,4
hookah,4
horse,4
hotel close to the embassy,4
house of assembly,4
house rentals,4
houses for sale,4
how did barrow contribute to society,4
how many beaches,4
how many siblings did errol walton barrow have,4
how much money u need wen ur traveling  to barbadose,4
how to bake pudding,4
how valid is the canadian passport in barbados,4
hythe villa,4
ice cream,4
ice cream powder mix,4
immigration card,4
indentured servants,4
information on massy supermarket,4
internet cafe swan street,4
it support,8
janet layne clarke,4
jason hope,4
jewelry,4
jobs in barbados,4
jokes,4
july 03,4
jumping tent,4
koko,4
landind form,4
leader of the opposition,4
lentil stew,4
leonardo da vinci works,4
life of barbados buiding,4
limousine services,4
live reggae shows,4
liver,4
liver cutters,4
maccaroni pie,4
macoroni pie,4
map of barbados,4
mark lorde,4
martins bay,4
mary elibox ,4
massy store st philip,4
massy worthing,4
meal,4
merrymen,4
money in barbados,4
moringa,4
mullins,4
music festival ,4
name a place of st jame  ,4
names of the national stadium stands,4
national hero,7
occupation,4
oil,4
old homes in chalky mount,4
olive oil soap,4
online shopping,4
open data portal,4
orchid world,4
owen arthur,4
owen arthur fifth prime minister of barbados,4
owen authers,4
oxtail,4
palm garden hotel barbados,4
paradise,4
parasailing,4
pasta,4
patek,4
pavarotti,4
people that was born in january's 3 1989,4
pizza recipe,4
plain sponge cake,4
popcorn machine,4
pork chops,4
port charles,4
port st.charles,4
potteryworks,4
price of king james version bible,4
prices in supermarket,4
prime minister,4
prime ministers of barbados,4
pringle,4
prospect,4
prospect bay,4
public golfing,4
public swim pool,4
pumpkin fritters,4
queen's college cadet corps,4
rally,4
recipe ,4
recipe for lead pipe bread,4
red door lounge,4
rediffusion,4
reggae bus,4
rehanna,4
relocating to barbados,4
rene' alleyne,4
rhiana,4
rice peas and chicken,4
riha,4
road tennis,4
roberts manufacturing recipes,4
rock cake recipe,4
rolex,8
rollaway bed,4
rollaway ned,4
rostrevor,4
rostrevor ,4
sa``````````````````````````ttorney philip nicholls ,4
sailing,4
sale clerk,4
salsa,4
salt bread recipe,4
salt fish,4
samuel hickman ,4
samuel jackman prescod polytechnic,4
sandy lane hotel,4
savannah beach,4
seasoning,8
shaggy,4
shale gas,4
shells,4
shogan,4
shogon,4
silver rock,4
simpson motors,4
sir. hugh springer,4
sir  frank walcott,4
sir frank leslie walcott,4
sir frank wallcot,4
sir frank wellcott,4
sir frank worrel,4
sir grantley basic school,4
sir harold bernard st john,4
sir hugh springer ,4
skill trainig,4
smoked herring,4
soap products,4
soco,4
sorrel,4
sorrel recipe,4
south coast,4
souvenir sand,4
spas,4
speaker f the house,4
speaker of the house,4
sponge cake,4
sports,4
spring farm,4
"st. lucy church, st. lucy",4
"st lawrence gap, apartments",4
st lucy,4
statistics ,4
steam pudding,4
stew chickhen,4
stewed down salt fish,4
sugar cakes,4
sugar cane,4
sugar production stastics,4
sunbed,4
"sunday 21, 2016",4
sunday shopping,4
sunset motors,4
supermarket prices,4
sweet bread ,4
sweetfield manor historical guest house,4
swimming,4
taxis,4
thanks,4
the sandpiper,4
thompson business services,4
tickets ,4
town,4
trade union leaders,4
traditions,4
transport buses,4
turners hall woods,4
two bedroom apartments near carlisle bay,4
two bedroom apartments near carlisle bay b\\,4
two sons limousine services,4
types of different fish,4
types of fish caught in barbadian waters,4
typical jobs,4
typical jobs in barbados,4
vacancy,4
valentines,4
vintage singer in barbados,4
waterfalls,4
webcam,4
welchman hall gully,4
weston,4
what  top of economic  system does barbados have,4
what do i have to do to open a cake store?,4
what does an arrival card look like,4
what is the purpose of the organization,4
when was the barbados vagrants and homeless society opened,4
where did sarah ann gill live,4
where did she live,4
where to stay,4
wherelwind,4
whirlwind,4
who was frank walcott ,4
who were the first settlers,4
wind and kite surfing ,4
wind surfing ,4
winners,4
yes please,4
yoga,4
yoga hastings,4
yvonne skeete,4
zika virus,8
1931-2004,3
64 st silas hieghts,3
apple watch,3
bajan sayings,3
bajan slang,3
bajan turnovers,3
baked chicken,3
barbados born star,3
barbados telecommunications,3
barbados without,3
beer,3
boardwalk,3
cakes,3
candle shops,3
caribbean seasoning recipe,3
carribean seasoning,3
chattle houses for sale,3
cheese sauce,3
chicken,3
chicken and rice,3
chopped seasoning,3
chum,3
cin cin by the sea,3
coleslaw,3
columbian emeralds ,3
corned beef,3
cost of property,3
coucou,3
desserts,3
distilled water,3
doctors,3
domestic help,3
dorands,3
dover beach,3
drones,3
fish cakes ,3
fish soup,3
gary sobers,3
generating plants in barbados,3
halloween,3
harison college famous local singers,3
harrison cave,3
health,3
hike,3
how did barbados get its name,3
imigration status,3
independence,3
independence square,3
infinity on the beach,3
jerk chicken,3
jump promotion costumes 2016,3
lawyers,3
led bulb manufacturer,3
like yam fit nigger mout,3
m,3
macaroni pie recipe,3
macaroni salad,3
mackston,3
massage,3
money,3
mount hillaby,3
national heroes ,3
oistins fish fry,3
ossie moore,3
packaging equipment,3
pharmacy,3
pictures earl maynard,3
poetry ,3
premiers of barbados,3
products offered by the tourism industry,3
rates for 3 months 1 bedroom,3
recipie,3
roasted breadfruit sauces,3
roundabouts,3
samuel jackman prescod was known as,3
sheraton mall,3
shools,3
shrek pantomime,3
sir garfield,3
snorkling,3
south beach hotel,3
south gap hotel,3
special needs,3
speightstown sizzle,3
spring garden,3
steamed pudding,3
straw bags,3
sugar cane club,3
sweet potato pie,3
things to do,3
tobacco,3
turn over,3
turnovers,6
turtles,3
work permit,3
